[
  {
    "Name": "Florencia BONSEGUNDO",
    "FullName": "Florencia BONSEGUNDO",
    "ShirtNumber": 11,
    "Position": "Forward",
    "IsCaptain": false,
    "IsFavorite": true,
    "ImageFileName": null,
    "Goals": 0,
    "GoalsScored": 2,
    "YellowCards": 0,
    "Appearances": 3
  },
  {
    "Name": "Milagros MENENDEZ",
    "FullName": "Milagros MENENDEZ",
    "ShirtNumber": 22,
    "Position": "Forward",
    "IsCaptain": false,
    "IsFavorite": true,
    "ImageFileName": null,
    "Goals": 0,
    "GoalsScored": 1,
    "YellowCards": 0,
    "Appearances": 3
  }
]