[
  {
    "Location": "Luzhniki Stadium",
    "Visitors": 78011,
    "HomeTeam": "Russia",
    "AwayTeam": "Saudi Arabia"
  },
  {
    "Location": "Luzhniki Stadium",
    "Visitors": 78011,
    "HomeTeam": "Germany",
    "AwayTeam": "Mexico"
  },
  {
    "Location": "Luzhniki Stadium",
    "Visitors": 78011,
    "HomeTeam": "Portugal",
    "AwayTeam": "Morocco"
  },
  {
    "Location": "Luzhniki Stadium",
    "Visitors": 78011,
    "HomeTeam": "Denmark",
    "AwayTeam": "France"
  },
  {
    "Location": "Luzhniki Stadium",
    "Visitors": 78011,
    "HomeTeam": "Spain",
    "AwayTeam": "Russia"
  },
  {
    "Location": "Luzhniki Stadium",
    "Visitors": 78011,
    "HomeTeam": "Croatia",
    "AwayTeam": "England"
  },
  {
    "Location": "Luzhniki Stadium",
    "Visitors": 78011,
    "HomeTeam": "France",
    "AwayTeam": "Croatia"
  },
  {
    "Location": "Saint Petersburg Stadium",
    "Visitors": 64468,
    "HomeTeam": "Russia",
    "AwayTeam": "Egypt"
  },
  {
    "Location": "Saint Petersburg Stadium",
    "Visitors": 64468,
    "HomeTeam": "Brazil",
    "AwayTeam": "Costa Rica"
  },
  {
    "Location": "Saint Petersburg Stadium",
    "Visitors": 64468,
    "HomeTeam": "Nigeria",
    "AwayTeam": "Argentina"
  },
  {
    "Location": "Saint Petersburg Stadium",
    "Visitors": 64406,
    "HomeTeam": "Belgium",
    "AwayTeam": "England"
  },
  {
    "Location": "Saint Petersburg Stadium",
    "Visitors": 64286,
    "HomeTeam": "France",
    "AwayTeam": "Belgium"
  },
  {
    "Location": "Saint Petersburg Stadium",
    "Visitors": 64042,
    "HomeTeam": "Sweden",
    "AwayTeam": "Switzerland"
  },
  {
    "Location": "Saint Petersburg Stadium",
    "Visitors": 62548,
    "HomeTeam": "Morocco",
    "AwayTeam": "Iran"
  },
  {
    "Location": "Fisht Stadium",
    "Visitors": 44287,
    "HomeTeam": "Germany",
    "AwayTeam": "Sweden"
  },
  {
    "Location": "Fisht Stadium",
    "Visitors": 44287,
    "HomeTeam": "Uruguay",
    "AwayTeam": "Portugal"
  },
  {
    "Location": "Fisht Stadium",
    "Visitors": 44287,
    "HomeTeam": "Russia",
    "AwayTeam": "Croatia"
  },
  {
    "Location": "Spartak Stadium",
    "Visitors": 44190,
    "HomeTeam": "Argentina",
    "AwayTeam": "Iceland"
  },
  {
    "Location": "Spartak Stadium",
    "Visitors": 44190,
    "HomeTeam": "Poland",
    "AwayTeam": "Senegal"
  },
  {
    "Location": "Spartak Stadium",
    "Visitors": 44190,
    "HomeTeam": "Belgium",
    "AwayTeam": "Tunisia"
  },
  {
    "Location": "Spartak Stadium",
    "Visitors": 44190,
    "HomeTeam": "Serbia",
    "AwayTeam": "Brazil"
  },
  {
    "Location": "Spartak Stadium",
    "Visitors": 44190,
    "HomeTeam": "Colombia",
    "AwayTeam": "England"
  },
  {
    "Location": "Fisht Stadium",
    "Visitors": 44073,
    "HomeTeam": "Australia",
    "AwayTeam": "Peru"
  },
  {
    "Location": "Fisht Stadium",
    "Visitors": 43866,
    "HomeTeam": "Portugal",
    "AwayTeam": "Spain"
  },
  {
    "Location": "Rostov Arena",
    "Visitors": 43472,
    "HomeTeam": "Korea Republic",
    "AwayTeam": "Mexico"
  },
  {
    "Location": "Rostov Arena",
    "Visitors": 43472,
    "HomeTeam": "Iceland",
    "AwayTeam": "Croatia"
  },
  {
    "Location": "Nizhny Novgorod Stadium",
    "Visitors": 43319,
    "HomeTeam": "Argentina",
    "AwayTeam": "Croatia"
  },
  {
    "Location": "Nizhny Novgorod Stadium",
    "Visitors": 43319,
    "HomeTeam": "England",
    "AwayTeam": "Panama"
  },
  {
    "Location": "Nizhny Novgorod Stadium",
    "Visitors": 43319,
    "HomeTeam": "Switzerland",
    "AwayTeam": "Costa Rica"
  },
  {
    "Location": "Nizhny Novgorod Stadium",
    "Visitors": 43319,
    "HomeTeam": "Uruguay",
    "AwayTeam": "France"
  },
  {
    "Location": "Fisht Stadium",
    "Visitors": 43257,
    "HomeTeam": "Belgium",
    "AwayTeam": "Panama"
  },
  {
    "Location": "Rostov Arena",
    "Visitors": 43109,
    "HomeTeam": "Brazil",
    "AwayTeam": "Switzerland"
  },
  {
    "Location": "Kazan Arena",
    "Visitors": 42873,
    "HomeTeam": "Poland",
    "AwayTeam": "Colombia"
  },
  {
    "Location": "Kazan Arena",
    "Visitors": 42873,
    "HomeTeam": "France",
    "AwayTeam": "Argentina"
  },
  {
    "Location": "Kazan Arena",
    "Visitors": 42873,
    "HomeTeam": "Brazil",
    "AwayTeam": "Belgium"
  },
  {
    "Location": "Kazan Arena",
    "Visitors": 42718,
    "HomeTeam": "Iran",
    "AwayTeam": "Spain"
  },
  {
    "Location": "Rostov Arena",
    "Visitors": 42678,
    "HomeTeam": "Uruguay",
    "AwayTeam": "Saudi Arabia"
  },
  {
    "Location": "Nizhny Novgorod Stadium",
    "Visitors": 42300,
    "HomeTeam": "Sweden",
    "AwayTeam": "Korea Republic"
  },
  {
    "Location": "Volgograd Arena",
    "Visitors": 42189,
    "HomeTeam": "Japan",
    "AwayTeam": "Poland"
  },
  {
    "Location": "Samara Arena",
    "Visitors": 41970,
    "HomeTeam": "Uruguay",
    "AwayTeam": "Russia"
  },
  {
    "Location": "Samara Arena",
    "Visitors": 41970,
    "HomeTeam": "Senegal",
    "AwayTeam": "Colombia"
  },
  {
    "Location": "Samara Arena",
    "Visitors": 41970,
    "HomeTeam": "Brazil",
    "AwayTeam": "Mexico"
  },
  {
    "Location": "Kazan Arena",
    "Visitors": 41835,
    "HomeTeam": "Korea Republic",
    "AwayTeam": "Germany"
  },
  {
    "Location": "Mordovia Arena",
    "Visitors": 41685,
    "HomeTeam": "Iran",
    "AwayTeam": "Portugal"
  },
  {
    "Location": "Rostov Arena",
    "Visitors": 41466,
    "HomeTeam": "Belgium",
    "AwayTeam": "Japan"
  },
  {
    "Location": "Samara Arena",
    "Visitors": 41432,
    "HomeTeam": "Costa Rica",
    "AwayTeam": "Serbia"
  },
  {
    "Location": "Kazan Arena",
    "Visitors": 41279,
    "HomeTeam": "France",
    "AwayTeam": "Australia"
  },
  {
    "Location": "Volgograd Arena",
    "Visitors": 41064,
    "HomeTeam": "Tunisia",
    "AwayTeam": "England"
  },
  {
    "Location": "Volgograd Arena",
    "Visitors": 40904,
    "HomeTeam": "Nigeria",
    "AwayTeam": "Iceland"
  },
  {
    "Location": "Nizhny Novgorod Stadium",
    "Visitors": 40851,
    "HomeTeam": "Croatia",
    "AwayTeam": "Denmark"
  },
  {
    "Location": "Mordovia Arena",
    "Visitors": 40842,
    "HomeTeam": "Colombia",
    "AwayTeam": "Japan"
  },
  {
    "Location": "Samara Arena",
    "Visitors": 40727,
    "HomeTeam": "Denmark",
    "AwayTeam": "Australia"
  },
  {
    "Location": "Mordovia Arena",
    "Visitors": 40502,
    "HomeTeam": "Peru",
    "AwayTeam": "Denmark"
  },
  {
    "Location": "Samara Arena",
    "Visitors": 39991,
    "HomeTeam": "Sweden",
    "AwayTeam": "England"
  },
  {
    "Location": "Mordovia Arena",
    "Visitors": 37168,
    "HomeTeam": "Panama",
    "AwayTeam": "Tunisia"
  },
  {
    "Location": "Volgograd Arena",
    "Visitors": 36823,
    "HomeTeam": "Saudi Arabia",
    "AwayTeam": "Egypt"
  },
  {
    "Location": "Kaliningrad Stadium",
    "Visitors": 33973,
    "HomeTeam": "Spain",
    "AwayTeam": "Morocco"
  },
  {
    "Location": "Kaliningrad Stadium",
    "Visitors": 33973,
    "HomeTeam": "England",
    "AwayTeam": "Belgium"
  },
  {
    "Location": "Kaliningrad Stadium",
    "Visitors": 33167,
    "HomeTeam": "Serbia",
    "AwayTeam": "Switzerland"
  },
  {
    "Location": "Ekaterinburg Arena",
    "Visitors": 33061,
    "HomeTeam": "Mexico",
    "AwayTeam": "Sweden"
  },
  {
    "Location": "Ekaterinburg Arena",
    "Visitors": 32789,
    "HomeTeam": "France",
    "AwayTeam": "Peru"
  },
  {
    "Location": "Ekaterinburg Arena",
    "Visitors": 32572,
    "HomeTeam": "Japan",
    "AwayTeam": "Senegal"
  },
  {
    "Location": "Kaliningrad Stadium",
    "Visitors": 31136,
    "HomeTeam": "Croatia",
    "AwayTeam": "Nigeria"
  },
  {
    "Location": "Ekaterinburg Arena",
    "Visitors": 27015,
    "HomeTeam": "Egypt",
    "AwayTeam": "Uruguay"
  }
]