[
  {
    "Name": "Mario MANDZUKIC",
    "FullName": "Mario MANDZUKIC",
    "ShirtNumber": 17,
    "Position": "Forward",
    "IsCaptain": false,
    "IsFavorite": true,
    "ImageFileName": "",
    "Goals": 0,
    "GoalsScored": 3,
    "YellowCards": 3,
    "Appearances": 7
  },
  {
    "Name": "Genki HARAGUCHI",
    "FullName": "Genki HARAGUCHI",
    "ShirtNumber": 8,
    "Position": "Midfield",
    "IsCaptain": false,
    "IsFavorite": true,
    "ImageFileName": null,
    "Goals": 0,
    "GoalsScored": 1,
    "YellowCards": 0,
    "Appearances": 4
  }
]